student_number,unique_id,first_test,first_link,second_test,second_link,form_a_link,form_b_link,scratchpad link,platform_link
1,0IYMIPT2,A,https://docs.google.com/forms/d/e/1FAIpQLSdWoeb5zY-IFNw9qBnm6HrFa1URBsQY67TXjQUtteZEPiPnag/viewform?usp=pp_url&entry.1720454989=0IYMIPT2,B,https://docs.google.com/forms/d/e/1FAIpQLSddCdkNqsbdjRzZNyjBGt97NukfegBZMpttgExcflaOllY5jQ/viewform?usp=pp_url&entry.608113804=0IYMIPT2,https://docs.google.com/forms/d/e/1FAIpQLSdWoeb5zY-IFNw9qBnm6HrFa1URBsQY67TXjQUtteZEPiPnag/viewform?usp=pp_url&entry.1720454989=0IYMIPT2,https://docs.google.com/forms/d/e/1FAIpQLSddCdkNqsbdjRzZNyjBGt97NukfegBZMpttgExcflaOllY5jQ/viewform?usp=pp_url&entry.608113804=0IYMIPT2,https://docs.google.com/document/d/1ntOM5IDXNkS1QDlo-Cl-NBEO_thRK9QTO5edJN-xhd4/edit?usp=sharing,
2,0VF9RPXU,B,https://docs.google.com/forms/d/e/1FAIpQLSddCdkNqsbdjRzZNyjBGt97NukfegBZMpttgExcflaOllY5jQ/viewform?usp=pp_url&entry.608113804=0VF9RPXU,A,https://docs.google.com/forms/d/e/1FAIpQLSdWoeb5zY-IFNw9qBnm6HrFa1URBsQY67TXjQUtteZEPiPnag/viewform?usp=pp_url&entry.1720454989=0VF9RPXU,https://docs.google.com/forms/d/e/1FAIpQLSdWoeb5zY-IFNw9qBnm6HrFa1URBsQY67TXjQUtteZEPiPnag/viewform?usp=pp_url&entry.1720454989=0VF9RPXU,https://docs.google.com/forms/d/e/1FAIpQLSddCdkNqsbdjRzZNyjBGt97NukfegBZMpttgExcflaOllY5jQ/viewform?usp=pp_url&entry.608113804=0VF9RPXU,https://docs.google.com/document/d/1ntOM5IDXNkS1QDlo-Cl-NBEO_thRK9QTO5edJN-xhd4/edit?usp=sharing,
3,1P731WJX,A,https://docs.google.com/forms/d/e/1FAIpQLSdWoeb5zY-IFNw9qBnm6HrFa1URBsQY67TXjQUtteZEPiPnag/viewform?usp=pp_url&entry.1720454989=1P731WJX,B,https://docs.google.com/forms/d/e/1FAIpQLSddCdkNqsbdjRzZNyjBGt97NukfegBZMpttgExcflaOllY5jQ/viewform?usp=pp_url&entry.608113804=1P731WJX,https://docs.google.com/forms/d/e/1FAIpQLSdWoeb5zY-IFNw9qBnm6HrFa1URBsQY67TXjQUtteZEPiPnag/viewform?usp=pp_url&entry.1720454989=1P731WJX,https://docs.google.com/forms/d/e/1FAIpQLSddCdkNqsbdjRzZNyjBGt97NukfegBZMpttgExcflaOllY5jQ/viewform?usp=pp_url&entry.608113804=1P731WJX,https://docs.google.com/document/d/1Z_ybA7oYbyE49ChmUVsb55i_yx9XX7D_kg5xvfUD_6E/edit?usp=sharing,
4,1W4NVQND,B,https://docs.google.com/forms/d/e/1FAIpQLSddCdkNqsbdjRzZNyjBGt97NukfegBZMpttgExcflaOllY5jQ/viewform?usp=pp_url&entry.608113804=1W4NVQND,A,https://docs.google.com/forms/d/e/1FAIpQLSdWoeb5zY-IFNw9qBnm6HrFa1URBsQY67TXjQUtteZEPiPnag/viewform?usp=pp_url&entry.1720454989=1W4NVQND,https://docs.google.com/forms/d/e/1FAIpQLSdWoeb5zY-IFNw9qBnm6HrFa1URBsQY67TXjQUtteZEPiPnag/viewform?usp=pp_url&entry.1720454989=1W4NVQND,https://docs.google.com/forms/d/e/1FAIpQLSddCdkNqsbdjRzZNyjBGt97NukfegBZMpttgExcflaOllY5jQ/viewform?usp=pp_url&entry.608113804=1W4NVQND,https://docs.google.com/document/d/1Z_ybA7oYbyE49ChmUVsb55i_yx9XX7D_kg5xvfUD_6E/edit?usp=sharing,
5,2VD4M3WB,A,https://docs.google.com/forms/d/e/1FAIpQLSdWoeb5zY-IFNw9qBnm6HrFa1URBsQY67TXjQUtteZEPiPnag/viewform?usp=pp_url&entry.1720454989=2VD4M3WB,B,https://docs.google.com/forms/d/e/1FAIpQLSddCdkNqsbdjRzZNyjBGt97NukfegBZMpttgExcflaOllY5jQ/viewform?usp=pp_url&entry.608113804=2VD4M3WB,https://docs.google.com/forms/d/e/1FAIpQLSdWoeb5zY-IFNw9qBnm6HrFa1URBsQY67TXjQUtteZEPiPnag/viewform?usp=pp_url&entry.1720454989=2VD4M3WB,https://docs.google.com/forms/d/e/1FAIpQLSddCdkNqsbdjRzZNyjBGt97NukfegBZMpttgExcflaOllY5jQ/viewform?usp=pp_url&entry.608113804=2VD4M3WB,https://docs.google.com/document/d/1eV5d52Yk2Ai3VTwt9S7DgJ9fZIvixrgH9APf4LhjOvQ/edit?usp=sharing,
6,32SU834F,B,https://docs.google.com/forms/d/e/1FAIpQLSddCdkNqsbdjRzZNyjBGt97NukfegBZMpttgExcflaOllY5jQ/viewform?usp=pp_url&entry.608113804=32SU834F,A,https://docs.google.com/forms/d/e/1FAIpQLSdWoeb5zY-IFNw9qBnm6HrFa1URBsQY67TXjQUtteZEPiPnag/viewform?usp=pp_url&entry.1720454989=32SU834F,https://docs.google.com/forms/d/e/1FAIpQLSdWoeb5zY-IFNw9qBnm6HrFa1URBsQY67TXjQUtteZEPiPnag/viewform?usp=pp_url&entry.1720454989=32SU834F,https://docs.google.com/forms/d/e/1FAIpQLSddCdkNqsbdjRzZNyjBGt97NukfegBZMpttgExcflaOllY5jQ/viewform?usp=pp_url&entry.608113804=32SU834F,https://docs.google.com/document/d/1eV5d52Yk2Ai3VTwt9S7DgJ9fZIvixrgH9APf4LhjOvQ/edit?usp=sharing,
7,4CAIMTTB,A,https://docs.google.com/forms/d/e/1FAIpQLSdWoeb5zY-IFNw9qBnm6HrFa1URBsQY67TXjQUtteZEPiPnag/viewform?usp=pp_url&entry.1720454989=4CAIMTTB,B,https://docs.google.com/forms/d/e/1FAIpQLSddCdkNqsbdjRzZNyjBGt97NukfegBZMpttgExcflaOllY5jQ/viewform?usp=pp_url&entry.608113804=4CAIMTTB,https://docs.google.com/forms/d/e/1FAIpQLSdWoeb5zY-IFNw9qBnm6HrFa1URBsQY67TXjQUtteZEPiPnag/viewform?usp=pp_url&entry.1720454989=4CAIMTTB,https://docs.google.com/forms/d/e/1FAIpQLSddCdkNqsbdjRzZNyjBGt97NukfegBZMpttgExcflaOllY5jQ/viewform?usp=pp_url&entry.608113804=4CAIMTTB,https://docs.google.com/document/d/18JG2T1QOkyecztJUwk-LnlAROQJiOnfAe3lEXmk3FzQ/edit?usp=sharing,
8,4HX6VLGT,B,https://docs.google.com/forms/d/e/1FAIpQLSddCdkNqsbdjRzZNyjBGt97NukfegBZMpttgExcflaOllY5jQ/viewform?usp=pp_url&entry.608113804=4HX6VLGT,A,https://docs.google.com/forms/d/e/1FAIpQLSdWoeb5zY-IFNw9qBnm6HrFa1URBsQY67TXjQUtteZEPiPnag/viewform?usp=pp_url&entry.1720454989=4HX6VLGT,https://docs.google.com/forms/d/e/1FAIpQLSdWoeb5zY-IFNw9qBnm6HrFa1URBsQY67TXjQUtteZEPiPnag/viewform?usp=pp_url&entry.1720454989=4HX6VLGT,https://docs.google.com/forms/d/e/1FAIpQLSddCdkNqsbdjRzZNyjBGt97NukfegBZMpttgExcflaOllY5jQ/viewform?usp=pp_url&entry.608113804=4HX6VLGT,https://docs.google.com/document/d/18JG2T1QOkyecztJUwk-LnlAROQJiOnfAe3lEXmk3FzQ/edit?usp=sharing,
9,4V2C4RH9,A,https://docs.google.com/forms/d/e/1FAIpQLSdWoeb5zY-IFNw9qBnm6HrFa1URBsQY67TXjQUtteZEPiPnag/viewform?usp=pp_url&entry.1720454989=4V2C4RH9,B,https://docs.google.com/forms/d/e/1FAIpQLSddCdkNqsbdjRzZNyjBGt97NukfegBZMpttgExcflaOllY5jQ/viewform?usp=pp_url&entry.608113804=4V2C4RH9,https://docs.google.com/forms/d/e/1FAIpQLSdWoeb5zY-IFNw9qBnm6HrFa1URBsQY67TXjQUtteZEPiPnag/viewform?usp=pp_url&entry.1720454989=4V2C4RH9,https://docs.google.com/forms/d/e/1FAIpQLSddCdkNqsbdjRzZNyjBGt97NukfegBZMpttgExcflaOllY5jQ/viewform?usp=pp_url&entry.608113804=4V2C4RH9,https://docs.google.com/document/d/1vNM6yWUtMa-JLc7YlAxAueoq8_FQNVht8ethPaybwfI/edit?usp=sharing,
10,4V77IKLB,B,https://docs.google.com/forms/d/e/1FAIpQLSddCdkNqsbdjRzZNyjBGt97NukfegBZMpttgExcflaOllY5jQ/viewform?usp=pp_url&entry.608113804=4V77IKLB,A,https://docs.google.com/forms/d/e/1FAIpQLSdWoeb5zY-IFNw9qBnm6HrFa1URBsQY67TXjQUtteZEPiPnag/viewform?usp=pp_url&entry.1720454989=4V77IKLB,https://docs.google.com/forms/d/e/1FAIpQLSdWoeb5zY-IFNw9qBnm6HrFa1URBsQY67TXjQUtteZEPiPnag/viewform?usp=pp_url&entry.1720454989=4V77IKLB,https://docs.google.com/forms/d/e/1FAIpQLSddCdkNqsbdjRzZNyjBGt97NukfegBZMpttgExcflaOllY5jQ/viewform?usp=pp_url&entry.608113804=4V77IKLB,https://docs.google.com/document/d/1vNM6yWUtMa-JLc7YlAxAueoq8_FQNVht8ethPaybwfI/edit?usp=sharing,
11,50PW7RMZ,A,https://docs.google.com/forms/d/e/1FAIpQLSdWoeb5zY-IFNw9qBnm6HrFa1URBsQY67TXjQUtteZEPiPnag/viewform?usp=pp_url&entry.1720454989=50PW7RMZ,B,https://docs.google.com/forms/d/e/1FAIpQLSddCdkNqsbdjRzZNyjBGt97NukfegBZMpttgExcflaOllY5jQ/viewform?usp=pp_url&entry.608113804=50PW7RMZ,https://docs.google.com/forms/d/e/1FAIpQLSdWoeb5zY-IFNw9qBnm6HrFa1URBsQY67TXjQUtteZEPiPnag/viewform?usp=pp_url&entry.1720454989=50PW7RMZ,https://docs.google.com/forms/d/e/1FAIpQLSddCdkNqsbdjRzZNyjBGt97NukfegBZMpttgExcflaOllY5jQ/viewform?usp=pp_url&entry.608113804=50PW7RMZ,https://docs.google.com/document/d/1ONOnrg-hyL4ohybfSPNE5oiCkJcdLx81WiBqjFMDWZs/edit?usp=sharing,
12,5DDUACFD,B,https://docs.google.com/forms/d/e/1FAIpQLSddCdkNqsbdjRzZNyjBGt97NukfegBZMpttgExcflaOllY5jQ/viewform?usp=pp_url&entry.608113804=5DDUACFD,A,https://docs.google.com/forms/d/e/1FAIpQLSdWoeb5zY-IFNw9qBnm6HrFa1URBsQY67TXjQUtteZEPiPnag/viewform?usp=pp_url&entry.1720454989=5DDUACFD,https://docs.google.com/forms/d/e/1FAIpQLSdWoeb5zY-IFNw9qBnm6HrFa1URBsQY67TXjQUtteZEPiPnag/viewform?usp=pp_url&entry.1720454989=5DDUACFD,https://docs.google.com/forms/d/e/1FAIpQLSddCdkNqsbdjRzZNyjBGt97NukfegBZMpttgExcflaOllY5jQ/viewform?usp=pp_url&entry.608113804=5DDUACFD,https://docs.google.com/document/d/1ONOnrg-hyL4ohybfSPNE5oiCkJcdLx81WiBqjFMDWZs/edit?usp=sharing,
13,6DDK7PNQ,A,https://docs.google.com/forms/d/e/1FAIpQLSdWoeb5zY-IFNw9qBnm6HrFa1URBsQY67TXjQUtteZEPiPnag/viewform?usp=pp_url&entry.1720454989=6DDK7PNQ,B,https://docs.google.com/forms/d/e/1FAIpQLSddCdkNqsbdjRzZNyjBGt97NukfegBZMpttgExcflaOllY5jQ/viewform?usp=pp_url&entry.608113804=6DDK7PNQ,https://docs.google.com/forms/d/e/1FAIpQLSdWoeb5zY-IFNw9qBnm6HrFa1URBsQY67TXjQUtteZEPiPnag/viewform?usp=pp_url&entry.1720454989=6DDK7PNQ,https://docs.google.com/forms/d/e/1FAIpQLSddCdkNqsbdjRzZNyjBGt97NukfegBZMpttgExcflaOllY5jQ/viewform?usp=pp_url&entry.608113804=6DDK7PNQ,https://docs.google.com/document/d/1-dcX5e-W3BJgPEYThgZypnG57ejX0QkvivVgV9mYdms/edit?tab=t.0,
14,6FVTX9OX,B,https://docs.google.com/forms/d/e/1FAIpQLSddCdkNqsbdjRzZNyjBGt97NukfegBZMpttgExcflaOllY5jQ/viewform?usp=pp_url&entry.608113804=6FVTX9OX,A,https://docs.google.com/forms/d/e/1FAIpQLSdWoeb5zY-IFNw9qBnm6HrFa1URBsQY67TXjQUtteZEPiPnag/viewform?usp=pp_url&entry.1720454989=6FVTX9OX,https://docs.google.com/forms/d/e/1FAIpQLSdWoeb5zY-IFNw9qBnm6HrFa1URBsQY67TXjQUtteZEPiPnag/viewform?usp=pp_url&entry.1720454989=6FVTX9OX,https://docs.google.com/forms/d/e/1FAIpQLSddCdkNqsbdjRzZNyjBGt97NukfegBZMpttgExcflaOllY5jQ/viewform?usp=pp_url&entry.608113804=6FVTX9OX,https://docs.google.com/document/d/1-dcX5e-W3BJgPEYThgZypnG57ejX0QkvivVgV9mYdms/edit?tab=t.0,
15,86MYNSTP,A,https://docs.google.com/forms/d/e/1FAIpQLSdWoeb5zY-IFNw9qBnm6HrFa1URBsQY67TXjQUtteZEPiPnag/viewform?usp=pp_url&entry.1720454989=86MYNSTP,B,https://docs.google.com/forms/d/e/1FAIpQLSddCdkNqsbdjRzZNyjBGt97NukfegBZMpttgExcflaOllY5jQ/viewform?usp=pp_url&entry.608113804=86MYNSTP,https://docs.google.com/forms/d/e/1FAIpQLSdWoeb5zY-IFNw9qBnm6HrFa1URBsQY67TXjQUtteZEPiPnag/viewform?usp=pp_url&entry.1720454989=86MYNSTP,https://docs.google.com/forms/d/e/1FAIpQLSddCdkNqsbdjRzZNyjBGt97NukfegBZMpttgExcflaOllY5jQ/viewform?usp=pp_url&entry.608113804=86MYNSTP,https://docs.google.com/document/d/1aMpiGV4WGqx4mq75pxr7rtJYmGJTGfr9BYR8vF2iuUs/edit?usp=sharing,
16,8FE4D20U,B,https://docs.google.com/forms/d/e/1FAIpQLSddCdkNqsbdjRzZNyjBGt97NukfegBZMpttgExcflaOllY5jQ/viewform?usp=pp_url&entry.608113804=8FE4D20U,A,https://docs.google.com/forms/d/e/1FAIpQLSdWoeb5zY-IFNw9qBnm6HrFa1URBsQY67TXjQUtteZEPiPnag/viewform?usp=pp_url&entry.1720454989=8FE4D20U,https://docs.google.com/forms/d/e/1FAIpQLSdWoeb5zY-IFNw9qBnm6HrFa1URBsQY67TXjQUtteZEPiPnag/viewform?usp=pp_url&entry.1720454989=8FE4D20U,https://docs.google.com/forms/d/e/1FAIpQLSddCdkNqsbdjRzZNyjBGt97NukfegBZMpttgExcflaOllY5jQ/viewform?usp=pp_url&entry.608113804=8FE4D20U,https://docs.google.com/document/d/1aMpiGV4WGqx4mq75pxr7rtJYmGJTGfr9BYR8vF2iuUs/edit?usp=sharing,
17,9BRWZ41O,A,https://docs.google.com/forms/d/e/1FAIpQLSdWoeb5zY-IFNw9qBnm6HrFa1URBsQY67TXjQUtteZEPiPnag/viewform?usp=pp_url&entry.1720454989=9BRWZ41O,B,https://docs.google.com/forms/d/e/1FAIpQLSddCdkNqsbdjRzZNyjBGt97NukfegBZMpttgExcflaOllY5jQ/viewform?usp=pp_url&entry.608113804=9BRWZ41O,https://docs.google.com/forms/d/e/1FAIpQLSdWoeb5zY-IFNw9qBnm6HrFa1URBsQY67TXjQUtteZEPiPnag/viewform?usp=pp_url&entry.1720454989=9BRWZ41O,https://docs.google.com/forms/d/e/1FAIpQLSddCdkNqsbdjRzZNyjBGt97NukfegBZMpttgExcflaOllY5jQ/viewform?usp=pp_url&entry.608113804=9BRWZ41O,https://docs.google.com/document/d/176MSE51lWXeLrr4aGV9GZYS5SOvk1dmT3qXUSTZT_n0/edit?usp=sharing,
18,9BVZGTPC,B,https://docs.google.com/forms/d/e/1FAIpQLSddCdkNqsbdjRzZNyjBGt97NukfegBZMpttgExcflaOllY5jQ/viewform?usp=pp_url&entry.608113804=9BVZGTPC,A,https://docs.google.com/forms/d/e/1FAIpQLSdWoeb5zY-IFNw9qBnm6HrFa1URBsQY67TXjQUtteZEPiPnag/viewform?usp=pp_url&entry.1720454989=9BVZGTPC,https://docs.google.com/forms/d/e/1FAIpQLSdWoeb5zY-IFNw9qBnm6HrFa1URBsQY67TXjQUtteZEPiPnag/viewform?usp=pp_url&entry.1720454989=9BVZGTPC,https://docs.google.com/forms/d/e/1FAIpQLSddCdkNqsbdjRzZNyjBGt97NukfegBZMpttgExcflaOllY5jQ/viewform?usp=pp_url&entry.608113804=9BVZGTPC,https://docs.google.com/document/d/176MSE51lWXeLrr4aGV9GZYS5SOvk1dmT3qXUSTZT_n0/edit?usp=sharing,
19,9E276TLF,A,https://docs.google.com/forms/d/e/1FAIpQLSdWoeb5zY-IFNw9qBnm6HrFa1URBsQY67TXjQUtteZEPiPnag/viewform?usp=pp_url&entry.1720454989=9E276TLF,B,https://docs.google.com/forms/d/e/1FAIpQLSddCdkNqsbdjRzZNyjBGt97NukfegBZMpttgExcflaOllY5jQ/viewform?usp=pp_url&entry.608113804=9E276TLF,https://docs.google.com/forms/d/e/1FAIpQLSdWoeb5zY-IFNw9qBnm6HrFa1URBsQY67TXjQUtteZEPiPnag/viewform?usp=pp_url&entry.1720454989=9E276TLF,https://docs.google.com/forms/d/e/1FAIpQLSddCdkNqsbdjRzZNyjBGt97NukfegBZMpttgExcflaOllY5jQ/viewform?usp=pp_url&entry.608113804=9E276TLF,https://docs.google.com/document/d/1KoYZpGREhTtJn7y1q67Fe8DCdo0TTej5E1W3l9RiuBc/edit?usp=sharing,
20,9Q5BO1XI,B,https://docs.google.com/forms/d/e/1FAIpQLSddCdkNqsbdjRzZNyjBGt97NukfegBZMpttgExcflaOllY5jQ/viewform?usp=pp_url&entry.608113804=9Q5BO1XI,A,https://docs.google.com/forms/d/e/1FAIpQLSdWoeb5zY-IFNw9qBnm6HrFa1URBsQY67TXjQUtteZEPiPnag/viewform?usp=pp_url&entry.1720454989=9Q5BO1XI,https://docs.google.com/forms/d/e/1FAIpQLSdWoeb5zY-IFNw9qBnm6HrFa1URBsQY67TXjQUtteZEPiPnag/viewform?usp=pp_url&entry.1720454989=9Q5BO1XI,https://docs.google.com/forms/d/e/1FAIpQLSddCdkNqsbdjRzZNyjBGt97NukfegBZMpttgExcflaOllY5jQ/viewform?usp=pp_url&entry.608113804=9Q5BO1XI,https://docs.google.com/document/d/1KoYZpGREhTtJn7y1q67Fe8DCdo0TTej5E1W3l9RiuBc/edit?usp=sharing,
21,9TB2E2L0,A,https://docs.google.com/forms/d/e/1FAIpQLSdWoeb5zY-IFNw9qBnm6HrFa1URBsQY67TXjQUtteZEPiPnag/viewform?usp=pp_url&entry.1720454989=9TB2E2L0,B,https://docs.google.com/forms/d/e/1FAIpQLSddCdkNqsbdjRzZNyjBGt97NukfegBZMpttgExcflaOllY5jQ/viewform?usp=pp_url&entry.608113804=9TB2E2L0,https://docs.google.com/forms/d/e/1FAIpQLSdWoeb5zY-IFNw9qBnm6HrFa1URBsQY67TXjQUtteZEPiPnag/viewform?usp=pp_url&entry.1720454989=9TB2E2L0,https://docs.google.com/forms/d/e/1FAIpQLSddCdkNqsbdjRzZNyjBGt97NukfegBZMpttgExcflaOllY5jQ/viewform?usp=pp_url&entry.608113804=9TB2E2L0,https://docs.google.com/document/d/1nrupRMvxapgAHRNCw9HO5mqlzx9unVVyLDsuqBweIOQ/edit?usp=sharing,
22,9WBVXGDN,B,https://docs.google.com/forms/d/e/1FAIpQLSddCdkNqsbdjRzZNyjBGt97NukfegBZMpttgExcflaOllY5jQ/viewform?usp=pp_url&entry.608113804=9WBVXGDN,A,https://docs.google.com/forms/d/e/1FAIpQLSdWoeb5zY-IFNw9qBnm6HrFa1URBsQY67TXjQUtteZEPiPnag/viewform?usp=pp_url&entry.1720454989=9WBVXGDN,https://docs.google.com/forms/d/e/1FAIpQLSdWoeb5zY-IFNw9qBnm6HrFa1URBsQY67TXjQUtteZEPiPnag/viewform?usp=pp_url&entry.1720454989=9WBVXGDN,https://docs.google.com/forms/d/e/1FAIpQLSddCdkNqsbdjRzZNyjBGt97NukfegBZMpttgExcflaOllY5jQ/viewform?usp=pp_url&entry.608113804=9WBVXGDN,https://docs.google.com/document/d/1nrupRMvxapgAHRNCw9HO5mqlzx9unVVyLDsuqBweIOQ/edit?usp=sharing,
23,A1Y1FW46,A,https://docs.google.com/forms/d/e/1FAIpQLSdWoeb5zY-IFNw9qBnm6HrFa1URBsQY67TXjQUtteZEPiPnag/viewform?usp=pp_url&entry.1720454989=A1Y1FW46,B,https://docs.google.com/forms/d/e/1FAIpQLSddCdkNqsbdjRzZNyjBGt97NukfegBZMpttgExcflaOllY5jQ/viewform?usp=pp_url&entry.608113804=A1Y1FW46,https://docs.google.com/forms/d/e/1FAIpQLSdWoeb5zY-IFNw9qBnm6HrFa1URBsQY67TXjQUtteZEPiPnag/viewform?usp=pp_url&entry.1720454989=A1Y1FW46,https://docs.google.com/forms/d/e/1FAIpQLSddCdkNqsbdjRzZNyjBGt97NukfegBZMpttgExcflaOllY5jQ/viewform?usp=pp_url&entry.608113804=A1Y1FW46,https://docs.google.com/document/d/1PGnjgEcvpa3YA4gXZVa39kSV-geYlqwMAx3bF81lnpE/edit?usp=sharing,
24,BW95T26Q,B,https://docs.google.com/forms/d/e/1FAIpQLSddCdkNqsbdjRzZNyjBGt97NukfegBZMpttgExcflaOllY5jQ/viewform?usp=pp_url&entry.608113804=BW95T26Q,A,https://docs.google.com/forms/d/e/1FAIpQLSdWoeb5zY-IFNw9qBnm6HrFa1URBsQY67TXjQUtteZEPiPnag/viewform?usp=pp_url&entry.1720454989=BW95T26Q,https://docs.google.com/forms/d/e/1FAIpQLSdWoeb5zY-IFNw9qBnm6HrFa1URBsQY67TXjQUtteZEPiPnag/viewform?usp=pp_url&entry.1720454989=BW95T26Q,https://docs.google.com/forms/d/e/1FAIpQLSddCdkNqsbdjRzZNyjBGt97NukfegBZMpttgExcflaOllY5jQ/viewform?usp=pp_url&entry.608113804=BW95T26Q,https://docs.google.com/document/d/1PGnjgEcvpa3YA4gXZVa39kSV-geYlqwMAx3bF81lnpE/edit?usp=sharing,
25,CBNPQ06M,A,https://docs.google.com/forms/d/e/1FAIpQLSdWoeb5zY-IFNw9qBnm6HrFa1URBsQY67TXjQUtteZEPiPnag/viewform?usp=pp_url&entry.1720454989=CBNPQ06M,B,https://docs.google.com/forms/d/e/1FAIpQLSddCdkNqsbdjRzZNyjBGt97NukfegBZMpttgExcflaOllY5jQ/viewform?usp=pp_url&entry.608113804=CBNPQ06M,https://docs.google.com/forms/d/e/1FAIpQLSdWoeb5zY-IFNw9qBnm6HrFa1URBsQY67TXjQUtteZEPiPnag/viewform?usp=pp_url&entry.1720454989=CBNPQ06M,https://docs.google.com/forms/d/e/1FAIpQLSddCdkNqsbdjRzZNyjBGt97NukfegBZMpttgExcflaOllY5jQ/viewform?usp=pp_url&entry.608113804=CBNPQ06M,https://docs.google.com/document/d/1F4GaqfWVA0FrZ5fALpei04rFKL4ajQfNxRkLTj9t7ac/edit?usp=sharing,
26,CK1U3109,B,https://docs.google.com/forms/d/e/1FAIpQLSddCdkNqsbdjRzZNyjBGt97NukfegBZMpttgExcflaOllY5jQ/viewform?usp=pp_url&entry.608113804=CK1U3109,A,https://docs.google.com/forms/d/e/1FAIpQLSdWoeb5zY-IFNw9qBnm6HrFa1URBsQY67TXjQUtteZEPiPnag/viewform?usp=pp_url&entry.1720454989=CK1U3109,https://docs.google.com/forms/d/e/1FAIpQLSdWoeb5zY-IFNw9qBnm6HrFa1URBsQY67TXjQUtteZEPiPnag/viewform?usp=pp_url&entry.1720454989=CK1U3109,https://docs.google.com/forms/d/e/1FAIpQLSddCdkNqsbdjRzZNyjBGt97NukfegBZMpttgExcflaOllY5jQ/viewform?usp=pp_url&entry.608113804=CK1U3109,https://docs.google.com/document/d/1F4GaqfWVA0FrZ5fALpei04rFKL4ajQfNxRkLTj9t7ac/edit?usp=sharing,
27,DM8NMIC9,A,https://docs.google.com/forms/d/e/1FAIpQLSdWoeb5zY-IFNw9qBnm6HrFa1URBsQY67TXjQUtteZEPiPnag/viewform?usp=pp_url&entry.1720454989=DM8NMIC9,B,https://docs.google.com/forms/d/e/1FAIpQLSddCdkNqsbdjRzZNyjBGt97NukfegBZMpttgExcflaOllY5jQ/viewform?usp=pp_url&entry.608113804=DM8NMIC9,https://docs.google.com/forms/d/e/1FAIpQLSdWoeb5zY-IFNw9qBnm6HrFa1URBsQY67TXjQUtteZEPiPnag/viewform?usp=pp_url&entry.1720454989=DM8NMIC9,https://docs.google.com/forms/d/e/1FAIpQLSddCdkNqsbdjRzZNyjBGt97NukfegBZMpttgExcflaOllY5jQ/viewform?usp=pp_url&entry.608113804=DM8NMIC9,https://docs.google.com/document/d/18NlWkHVsbe61cMe_0HXjSINoMMcohJkqxv--t11Oe68/edit?usp=sharing,
28,DV7HBPAQ,B,https://docs.google.com/forms/d/e/1FAIpQLSddCdkNqsbdjRzZNyjBGt97NukfegBZMpttgExcflaOllY5jQ/viewform?usp=pp_url&entry.608113804=DV7HBPAQ,A,https://docs.google.com/forms/d/e/1FAIpQLSdWoeb5zY-IFNw9qBnm6HrFa1URBsQY67TXjQUtteZEPiPnag/viewform?usp=pp_url&entry.1720454989=DV7HBPAQ,https://docs.google.com/forms/d/e/1FAIpQLSdWoeb5zY-IFNw9qBnm6HrFa1URBsQY67TXjQUtteZEPiPnag/viewform?usp=pp_url&entry.1720454989=DV7HBPAQ,https://docs.google.com/forms/d/e/1FAIpQLSddCdkNqsbdjRzZNyjBGt97NukfegBZMpttgExcflaOllY5jQ/viewform?usp=pp_url&entry.608113804=DV7HBPAQ,https://docs.google.com/document/d/18NlWkHVsbe61cMe_0HXjSINoMMcohJkqxv--t11Oe68/edit?usp=sharing,
29,EY96RMCH,A,https://docs.google.com/forms/d/e/1FAIpQLSdWoeb5zY-IFNw9qBnm6HrFa1URBsQY67TXjQUtteZEPiPnag/viewform?usp=pp_url&entry.1720454989=EY96RMCH,B,https://docs.google.com/forms/d/e/1FAIpQLSddCdkNqsbdjRzZNyjBGt97NukfegBZMpttgExcflaOllY5jQ/viewform?usp=pp_url&entry.608113804=EY96RMCH,https://docs.google.com/forms/d/e/1FAIpQLSdWoeb5zY-IFNw9qBnm6HrFa1URBsQY67TXjQUtteZEPiPnag/viewform?usp=pp_url&entry.1720454989=EY96RMCH,https://docs.google.com/forms/d/e/1FAIpQLSddCdkNqsbdjRzZNyjBGt97NukfegBZMpttgExcflaOllY5jQ/viewform?usp=pp_url&entry.608113804=EY96RMCH,https://docs.google.com/document/d/1qBes9-hnrt1bNh40BKqeoXF-f0n81xADBYFb0nhEknE/edit?usp=sharing,
30,HF931DIU,B,https://docs.google.com/forms/d/e/1FAIpQLSddCdkNqsbdjRzZNyjBGt97NukfegBZMpttgExcflaOllY5jQ/viewform?usp=pp_url&entry.608113804=HF931DIU,A,https://docs.google.com/forms/d/e/1FAIpQLSdWoeb5zY-IFNw9qBnm6HrFa1URBsQY67TXjQUtteZEPiPnag/viewform?usp=pp_url&entry.1720454989=HF931DIU,https://docs.google.com/forms/d/e/1FAIpQLSdWoeb5zY-IFNw9qBnm6HrFa1URBsQY67TXjQUtteZEPiPnag/viewform?usp=pp_url&entry.1720454989=HF931DIU,https://docs.google.com/forms/d/e/1FAIpQLSddCdkNqsbdjRzZNyjBGt97NukfegBZMpttgExcflaOllY5jQ/viewform?usp=pp_url&entry.608113804=HF931DIU,https://docs.google.com/document/d/1qBes9-hnrt1bNh40BKqeoXF-f0n81xADBYFb0nhEknE/edit?usp=sharing,
31,ILUE5370,A,https://docs.google.com/forms/d/e/1FAIpQLSdWoeb5zY-IFNw9qBnm6HrFa1URBsQY67TXjQUtteZEPiPnag/viewform?usp=pp_url&entry.1720454989=ILUE5370,B,https://docs.google.com/forms/d/e/1FAIpQLSddCdkNqsbdjRzZNyjBGt97NukfegBZMpttgExcflaOllY5jQ/viewform?usp=pp_url&entry.608113804=ILUE5370,https://docs.google.com/forms/d/e/1FAIpQLSdWoeb5zY-IFNw9qBnm6HrFa1URBsQY67TXjQUtteZEPiPnag/viewform?usp=pp_url&entry.1720454989=ILUE5370,https://docs.google.com/forms/d/e/1FAIpQLSddCdkNqsbdjRzZNyjBGt97NukfegBZMpttgExcflaOllY5jQ/viewform?usp=pp_url&entry.608113804=ILUE5370,https://docs.google.com/document/d/1MYcAzkuppGiLT1BwrjBkOBXbjqIRWKEj-_jDEf3JHFQ/edit?usp=sharing,
32,JBSNE3DX,B,https://docs.google.com/forms/d/e/1FAIpQLSddCdkNqsbdjRzZNyjBGt97NukfegBZMpttgExcflaOllY5jQ/viewform?usp=pp_url&entry.608113804=JBSNE3DX,A,https://docs.google.com/forms/d/e/1FAIpQLSdWoeb5zY-IFNw9qBnm6HrFa1URBsQY67TXjQUtteZEPiPnag/viewform?usp=pp_url&entry.1720454989=JBSNE3DX,https://docs.google.com/forms/d/e/1FAIpQLSdWoeb5zY-IFNw9qBnm6HrFa1URBsQY67TXjQUtteZEPiPnag/viewform?usp=pp_url&entry.1720454989=JBSNE3DX,https://docs.google.com/forms/d/e/1FAIpQLSddCdkNqsbdjRzZNyjBGt97NukfegBZMpttgExcflaOllY5jQ/viewform?usp=pp_url&entry.608113804=JBSNE3DX,https://docs.google.com/document/d/1MYcAzkuppGiLT1BwrjBkOBXbjqIRWKEj-_jDEf3JHFQ/edit?usp=sharing,
33,M1V05ZKZ,A,https://docs.google.com/forms/d/e/1FAIpQLSdWoeb5zY-IFNw9qBnm6HrFa1URBsQY67TXjQUtteZEPiPnag/viewform?usp=pp_url&entry.1720454989=M1V05ZKZ,B,https://docs.google.com/forms/d/e/1FAIpQLSddCdkNqsbdjRzZNyjBGt97NukfegBZMpttgExcflaOllY5jQ/viewform?usp=pp_url&entry.608113804=M1V05ZKZ,https://docs.google.com/forms/d/e/1FAIpQLSdWoeb5zY-IFNw9qBnm6HrFa1URBsQY67TXjQUtteZEPiPnag/viewform?usp=pp_url&entry.1720454989=M1V05ZKZ,https://docs.google.com/forms/d/e/1FAIpQLSddCdkNqsbdjRzZNyjBGt97NukfegBZMpttgExcflaOllY5jQ/viewform?usp=pp_url&entry.608113804=M1V05ZKZ,https://docs.google.com/document/d/1uedicZYSW0q8IfwSmC4FmIfi18bY9drDPsNTS_pA9Xo/edit?usp=sharing,
34,MBTLZUYP,B,https://docs.google.com/forms/d/e/1FAIpQLSddCdkNqsbdjRzZNyjBGt97NukfegBZMpttgExcflaOllY5jQ/viewform?usp=pp_url&entry.608113804=MBTLZUYP,A,https://docs.google.com/forms/d/e/1FAIpQLSdWoeb5zY-IFNw9qBnm6HrFa1URBsQY67TXjQUtteZEPiPnag/viewform?usp=pp_url&entry.1720454989=MBTLZUYP,https://docs.google.com/forms/d/e/1FAIpQLSdWoeb5zY-IFNw9qBnm6HrFa1URBsQY67TXjQUtteZEPiPnag/viewform?usp=pp_url&entry.1720454989=MBTLZUYP,https://docs.google.com/forms/d/e/1FAIpQLSddCdkNqsbdjRzZNyjBGt97NukfegBZMpttgExcflaOllY5jQ/viewform?usp=pp_url&entry.608113804=MBTLZUYP,https://docs.google.com/document/d/1uedicZYSW0q8IfwSmC4FmIfi18bY9drDPsNTS_pA9Xo/edit?usp=sharing,
35,MTE3FV9F,A,https://docs.google.com/forms/d/e/1FAIpQLSdWoeb5zY-IFNw9qBnm6HrFa1URBsQY67TXjQUtteZEPiPnag/viewform?usp=pp_url&entry.1720454989=MTE3FV9F,B,https://docs.google.com/forms/d/e/1FAIpQLSddCdkNqsbdjRzZNyjBGt97NukfegBZMpttgExcflaOllY5jQ/viewform?usp=pp_url&entry.608113804=MTE3FV9F,https://docs.google.com/forms/d/e/1FAIpQLSdWoeb5zY-IFNw9qBnm6HrFa1URBsQY67TXjQUtteZEPiPnag/viewform?usp=pp_url&entry.1720454989=MTE3FV9F,https://docs.google.com/forms/d/e/1FAIpQLSddCdkNqsbdjRzZNyjBGt97NukfegBZMpttgExcflaOllY5jQ/viewform?usp=pp_url&entry.608113804=MTE3FV9F,https://docs.google.com/document/d/1-fdhc0yk9dNEv7M0ExBir2E7_j8vv2J0DmgYVWfoSso/edit?usp=sharing,
36,OAHJQ09B,B,https://docs.google.com/forms/d/e/1FAIpQLSddCdkNqsbdjRzZNyjBGt97NukfegBZMpttgExcflaOllY5jQ/viewform?usp=pp_url&entry.608113804=OAHJQ09B,A,https://docs.google.com/forms/d/e/1FAIpQLSdWoeb5zY-IFNw9qBnm6HrFa1URBsQY67TXjQUtteZEPiPnag/viewform?usp=pp_url&entry.1720454989=OAHJQ09B,https://docs.google.com/forms/d/e/1FAIpQLSdWoeb5zY-IFNw9qBnm6HrFa1URBsQY67TXjQUtteZEPiPnag/viewform?usp=pp_url&entry.1720454989=OAHJQ09B,https://docs.google.com/forms/d/e/1FAIpQLSddCdkNqsbdjRzZNyjBGt97NukfegBZMpttgExcflaOllY5jQ/viewform?usp=pp_url&entry.608113804=OAHJQ09B,https://docs.google.com/document/d/1-fdhc0yk9dNEv7M0ExBir2E7_j8vv2J0DmgYVWfoSso/edit?usp=sharing,
37,OHOE8B4M,A,https://docs.google.com/forms/d/e/1FAIpQLSdWoeb5zY-IFNw9qBnm6HrFa1URBsQY67TXjQUtteZEPiPnag/viewform?usp=pp_url&entry.1720454989=OHOE8B4M,B,https://docs.google.com/forms/d/e/1FAIpQLSddCdkNqsbdjRzZNyjBGt97NukfegBZMpttgExcflaOllY5jQ/viewform?usp=pp_url&entry.608113804=OHOE8B4M,https://docs.google.com/forms/d/e/1FAIpQLSdWoeb5zY-IFNw9qBnm6HrFa1URBsQY67TXjQUtteZEPiPnag/viewform?usp=pp_url&entry.1720454989=OHOE8B4M,https://docs.google.com/forms/d/e/1FAIpQLSddCdkNqsbdjRzZNyjBGt97NukfegBZMpttgExcflaOllY5jQ/viewform?usp=pp_url&entry.608113804=OHOE8B4M,https://docs.google.com/document/d/1wEiuUEeGywFfDkB_DH1TukzFYa8Gmp-vwGVdgUaJUsE/edit?usp=sharing,
38,Q7LIYAY8,B,https://docs.google.com/forms/d/e/1FAIpQLSddCdkNqsbdjRzZNyjBGt97NukfegBZMpttgExcflaOllY5jQ/viewform?usp=pp_url&entry.608113804=Q7LIYAY8,A,https://docs.google.com/forms/d/e/1FAIpQLSdWoeb5zY-IFNw9qBnm6HrFa1URBsQY67TXjQUtteZEPiPnag/viewform?usp=pp_url&entry.1720454989=Q7LIYAY8,https://docs.google.com/forms/d/e/1FAIpQLSdWoeb5zY-IFNw9qBnm6HrFa1URBsQY67TXjQUtteZEPiPnag/viewform?usp=pp_url&entry.1720454989=Q7LIYAY8,https://docs.google.com/forms/d/e/1FAIpQLSddCdkNqsbdjRzZNyjBGt97NukfegBZMpttgExcflaOllY5jQ/viewform?usp=pp_url&entry.608113804=Q7LIYAY8,https://docs.google.com/document/d/1wEiuUEeGywFfDkB_DH1TukzFYa8Gmp-vwGVdgUaJUsE/edit?usp=sharing,
39,QS6V6309,A,https://docs.google.com/forms/d/e/1FAIpQLSdWoeb5zY-IFNw9qBnm6HrFa1URBsQY67TXjQUtteZEPiPnag/viewform?usp=pp_url&entry.1720454989=QS6V6309,B,https://docs.google.com/forms/d/e/1FAIpQLSddCdkNqsbdjRzZNyjBGt97NukfegBZMpttgExcflaOllY5jQ/viewform?usp=pp_url&entry.608113804=QS6V6309,https://docs.google.com/forms/d/e/1FAIpQLSdWoeb5zY-IFNw9qBnm6HrFa1URBsQY67TXjQUtteZEPiPnag/viewform?usp=pp_url&entry.1720454989=QS6V6309,https://docs.google.com/forms/d/e/1FAIpQLSddCdkNqsbdjRzZNyjBGt97NukfegBZMpttgExcflaOllY5jQ/viewform?usp=pp_url&entry.608113804=QS6V6309,https://docs.google.com/document/d/1Y3b9p-XcxdoCQGX3zi4dyyMY6-v_vBUr7ZzoIeB2EOo/edit?usp=sharing,
40,QVO1G5H6,B,https://docs.google.com/forms/d/e/1FAIpQLSddCdkNqsbdjRzZNyjBGt97NukfegBZMpttgExcflaOllY5jQ/viewform?usp=pp_url&entry.608113804=QVO1G5H6,A,https://docs.google.com/forms/d/e/1FAIpQLSdWoeb5zY-IFNw9qBnm6HrFa1URBsQY67TXjQUtteZEPiPnag/viewform?usp=pp_url&entry.1720454989=QVO1G5H6,https://docs.google.com/forms/d/e/1FAIpQLSdWoeb5zY-IFNw9qBnm6HrFa1URBsQY67TXjQUtteZEPiPnag/viewform?usp=pp_url&entry.1720454989=QVO1G5H6,https://docs.google.com/forms/d/e/1FAIpQLSddCdkNqsbdjRzZNyjBGt97NukfegBZMpttgExcflaOllY5jQ/viewform?usp=pp_url&entry.608113804=QVO1G5H6,https://docs.google.com/document/d/1Y3b9p-XcxdoCQGX3zi4dyyMY6-v_vBUr7ZzoIeB2EOo/edit?usp=sharing,
41,RH9816TX,A,https://docs.google.com/forms/d/e/1FAIpQLSdWoeb5zY-IFNw9qBnm6HrFa1URBsQY67TXjQUtteZEPiPnag/viewform?usp=pp_url&entry.1720454989=RH9816TX,B,https://docs.google.com/forms/d/e/1FAIpQLSddCdkNqsbdjRzZNyjBGt97NukfegBZMpttgExcflaOllY5jQ/viewform?usp=pp_url&entry.608113804=RH9816TX,https://docs.google.com/forms/d/e/1FAIpQLSdWoeb5zY-IFNw9qBnm6HrFa1URBsQY67TXjQUtteZEPiPnag/viewform?usp=pp_url&entry.1720454989=RH9816TX,https://docs.google.com/forms/d/e/1FAIpQLSddCdkNqsbdjRzZNyjBGt97NukfegBZMpttgExcflaOllY5jQ/viewform?usp=pp_url&entry.608113804=RH9816TX,https://docs.google.com/document/d/1KLQ0Ep7Ix6kFjXOSkCDkLmNTPlaHYhqFXW3_Rb3kxKk/edit?usp=sharing,
42,RR7C6KQR,B,https://docs.google.com/forms/d/e/1FAIpQLSddCdkNqsbdjRzZNyjBGt97NukfegBZMpttgExcflaOllY5jQ/viewform?usp=pp_url&entry.608113804=RR7C6KQR,A,https://docs.google.com/forms/d/e/1FAIpQLSdWoeb5zY-IFNw9qBnm6HrFa1URBsQY67TXjQUtteZEPiPnag/viewform?usp=pp_url&entry.1720454989=RR7C6KQR,https://docs.google.com/forms/d/e/1FAIpQLSdWoeb5zY-IFNw9qBnm6HrFa1URBsQY67TXjQUtteZEPiPnag/viewform?usp=pp_url&entry.1720454989=RR7C6KQR,https://docs.google.com/forms/d/e/1FAIpQLSddCdkNqsbdjRzZNyjBGt97NukfegBZMpttgExcflaOllY5jQ/viewform?usp=pp_url&entry.608113804=RR7C6KQR,https://docs.google.com/document/d/1KLQ0Ep7Ix6kFjXOSkCDkLmNTPlaHYhqFXW3_Rb3kxKk/edit?usp=sharing,
43,RSVS0P9U,A,https://docs.google.com/forms/d/e/1FAIpQLSdWoeb5zY-IFNw9qBnm6HrFa1URBsQY67TXjQUtteZEPiPnag/viewform?usp=pp_url&entry.1720454989=RSVS0P9U,B,https://docs.google.com/forms/d/e/1FAIpQLSddCdkNqsbdjRzZNyjBGt97NukfegBZMpttgExcflaOllY5jQ/viewform?usp=pp_url&entry.608113804=RSVS0P9U,https://docs.google.com/forms/d/e/1FAIpQLSdWoeb5zY-IFNw9qBnm6HrFa1URBsQY67TXjQUtteZEPiPnag/viewform?usp=pp_url&entry.1720454989=RSVS0P9U,https://docs.google.com/forms/d/e/1FAIpQLSddCdkNqsbdjRzZNyjBGt97NukfegBZMpttgExcflaOllY5jQ/viewform?usp=pp_url&entry.608113804=RSVS0P9U,https://docs.google.com/document/d/1ZImyi6_FZEBzm9TcWRSh1GurmBJj-CRXOCjrWcFos0A/edit?usp=sharing,
44,SJ6W8D7I,B,https://docs.google.com/forms/d/e/1FAIpQLSddCdkNqsbdjRzZNyjBGt97NukfegBZMpttgExcflaOllY5jQ/viewform?usp=pp_url&entry.608113804=SJ6W8D7I,A,https://docs.google.com/forms/d/e/1FAIpQLSdWoeb5zY-IFNw9qBnm6HrFa1URBsQY67TXjQUtteZEPiPnag/viewform?usp=pp_url&entry.1720454989=SJ6W8D7I,https://docs.google.com/forms/d/e/1FAIpQLSdWoeb5zY-IFNw9qBnm6HrFa1URBsQY67TXjQUtteZEPiPnag/viewform?usp=pp_url&entry.1720454989=SJ6W8D7I,https://docs.google.com/forms/d/e/1FAIpQLSddCdkNqsbdjRzZNyjBGt97NukfegBZMpttgExcflaOllY5jQ/viewform?usp=pp_url&entry.608113804=SJ6W8D7I,https://docs.google.com/document/d/1ZImyi6_FZEBzm9TcWRSh1GurmBJj-CRXOCjrWcFos0A/edit?usp=sharing,
45,SYGDK9RU,A,https://docs.google.com/forms/d/e/1FAIpQLSdWoeb5zY-IFNw9qBnm6HrFa1URBsQY67TXjQUtteZEPiPnag/viewform?usp=pp_url&entry.1720454989=SYGDK9RU,B,https://docs.google.com/forms/d/e/1FAIpQLSddCdkNqsbdjRzZNyjBGt97NukfegBZMpttgExcflaOllY5jQ/viewform?usp=pp_url&entry.608113804=SYGDK9RU,https://docs.google.com/forms/d/e/1FAIpQLSdWoeb5zY-IFNw9qBnm6HrFa1URBsQY67TXjQUtteZEPiPnag/viewform?usp=pp_url&entry.1720454989=SYGDK9RU,https://docs.google.com/forms/d/e/1FAIpQLSddCdkNqsbdjRzZNyjBGt97NukfegBZMpttgExcflaOllY5jQ/viewform?usp=pp_url&entry.608113804=SYGDK9RU,https://docs.google.com/document/d/1b5VvtuyHbdcinY1Tpatxip-YbzTVGJkoQpiOyCVkdcU/edit?usp=sharing,
46,T775829T,B,https://docs.google.com/forms/d/e/1FAIpQLSddCdkNqsbdjRzZNyjBGt97NukfegBZMpttgExcflaOllY5jQ/viewform?usp=pp_url&entry.608113804=T775829T,A,https://docs.google.com/forms/d/e/1FAIpQLSdWoeb5zY-IFNw9qBnm6HrFa1URBsQY67TXjQUtteZEPiPnag/viewform?usp=pp_url&entry.1720454989=T775829T,https://docs.google.com/forms/d/e/1FAIpQLSdWoeb5zY-IFNw9qBnm6HrFa1URBsQY67TXjQUtteZEPiPnag/viewform?usp=pp_url&entry.1720454989=T775829T,https://docs.google.com/forms/d/e/1FAIpQLSddCdkNqsbdjRzZNyjBGt97NukfegBZMpttgExcflaOllY5jQ/viewform?usp=pp_url&entry.608113804=T775829T,https://docs.google.com/document/d/1b5VvtuyHbdcinY1Tpatxip-YbzTVGJkoQpiOyCVkdcU/edit?usp=sharing,
47,TG9HM9MN,A,https://docs.google.com/forms/d/e/1FAIpQLSdWoeb5zY-IFNw9qBnm6HrFa1URBsQY67TXjQUtteZEPiPnag/viewform?usp=pp_url&entry.1720454989=TG9HM9MN,B,https://docs.google.com/forms/d/e/1FAIpQLSddCdkNqsbdjRzZNyjBGt97NukfegBZMpttgExcflaOllY5jQ/viewform?usp=pp_url&entry.608113804=TG9HM9MN,https://docs.google.com/forms/d/e/1FAIpQLSdWoeb5zY-IFNw9qBnm6HrFa1URBsQY67TXjQUtteZEPiPnag/viewform?usp=pp_url&entry.1720454989=TG9HM9MN,https://docs.google.com/forms/d/e/1FAIpQLSddCdkNqsbdjRzZNyjBGt97NukfegBZMpttgExcflaOllY5jQ/viewform?usp=pp_url&entry.608113804=TG9HM9MN,https://docs.google.com/document/d/1p3CBUKm1oxRr2UVQs0PhFpQ2jGqWGEFvWHVuOi8tjTc/edit?usp=sharing,
48,U7QLRDAI,B,https://docs.google.com/forms/d/e/1FAIpQLSddCdkNqsbdjRzZNyjBGt97NukfegBZMpttgExcflaOllY5jQ/viewform?usp=pp_url&entry.608113804=U7QLRDAI,A,https://docs.google.com/forms/d/e/1FAIpQLSdWoeb5zY-IFNw9qBnm6HrFa1URBsQY67TXjQUtteZEPiPnag/viewform?usp=pp_url&entry.1720454989=U7QLRDAI,https://docs.google.com/forms/d/e/1FAIpQLSdWoeb5zY-IFNw9qBnm6HrFa1URBsQY67TXjQUtteZEPiPnag/viewform?usp=pp_url&entry.1720454989=U7QLRDAI,https://docs.google.com/forms/d/e/1FAIpQLSddCdkNqsbdjRzZNyjBGt97NukfegBZMpttgExcflaOllY5jQ/viewform?usp=pp_url&entry.608113804=U7QLRDAI,https://docs.google.com/document/d/1p3CBUKm1oxRr2UVQs0PhFpQ2jGqWGEFvWHVuOi8tjTc/edit?usp=sharing,
49,WMU5HLF6,A,https://docs.google.com/forms/d/e/1FAIpQLSdWoeb5zY-IFNw9qBnm6HrFa1URBsQY67TXjQUtteZEPiPnag/viewform?usp=pp_url&entry.1720454989=WMU5HLF6,B,https://docs.google.com/forms/d/e/1FAIpQLSddCdkNqsbdjRzZNyjBGt97NukfegBZMpttgExcflaOllY5jQ/viewform?usp=pp_url&entry.608113804=WMU5HLF6,https://docs.google.com/forms/d/e/1FAIpQLSdWoeb5zY-IFNw9qBnm6HrFa1URBsQY67TXjQUtteZEPiPnag/viewform?usp=pp_url&entry.1720454989=WMU5HLF6,https://docs.google.com/forms/d/e/1FAIpQLSddCdkNqsbdjRzZNyjBGt97NukfegBZMpttgExcflaOllY5jQ/viewform?usp=pp_url&entry.608113804=WMU5HLF6,https://docs.google.com/document/d/1Y1W6sXo9nb9jiaA_WPXSVBSezw0kKhFeiCCfqILWY7g/edit?usp=sharing,
50,ZPEM47IB,B,https://docs.google.com/forms/d/e/1FAIpQLSddCdkNqsbdjRzZNyjBGt97NukfegBZMpttgExcflaOllY5jQ/viewform?usp=pp_url&entry.608113804=ZPEM47IB,A,https://docs.google.com/forms/d/e/1FAIpQLSdWoeb5zY-IFNw9qBnm6HrFa1URBsQY67TXjQUtteZEPiPnag/viewform?usp=pp_url&entry.1720454989=ZPEM47IB,https://docs.google.com/forms/d/e/1FAIpQLSdWoeb5zY-IFNw9qBnm6HrFa1URBsQY67TXjQUtteZEPiPnag/viewform?usp=pp_url&entry.1720454989=ZPEM47IB,https://docs.google.com/forms/d/e/1FAIpQLSddCdkNqsbdjRzZNyjBGt97NukfegBZMpttgExcflaOllY5jQ/viewform?usp=pp_url&entry.608113804=ZPEM47IB,https://docs.google.com/document/d/1Y1W6sXo9nb9jiaA_WPXSVBSezw0kKhFeiCCfqILWY7g/edit?usp=sharing,